iPhone,14444
iPad,2243
iPhone 7,2236
iPhone X,1782
iPhone 8 Plus,1706
Galaxy S8,1579
iPhone XR,1525
iPhone 8,1519
iPhone 6s,1435
iPhone 7 Plus,1409
Galaxy S7,1210
Galaxy S9,1006
iPhone XS Max,990
iPhone 6,935
Workstation,823
iPhone XS,795
CP8851,789
iPhone 6s Plus,721
Galaxy A5,679
AppleWatch,614
Galaxy Note 8,565
Galaxy Note 9,449
Galaxy S9+,445
MacBook,438
Galaxy S6,434
TC75 Touch Computer,420
Hewlett-Packard JetDirect,409
iPhone 6 Plus,383
MacBookPro,373
iPhone SE,362
Galaxy S7 Edge,358
OnePlus,345
AXIS P3354 Fixed Dome Network Camera,326
Apple Watch,303
CP8821,289
Galaxy S5,268
Wireless Phone 7925,247
iPhone 5s,230
MacBook Pro,216
Galaxy S7-Edge,211
Galaxy A5 (2017),209
iPad Air 2,198
P3354,198
Galaxy Note 5,192
Galaxy A8,186
Galaxy J3,178
SM-G975U,173
Galaxy J3 Emerge,163
Galaxy J7 Perx,149
Galaxy Wide 3,149
P20,141
MacBookAir,140
Pixel 3,137
Pixel 2 XL,127
Laboratory Workstation,125
Galaxy A8 (2018),125
P20_Pro,118
Watch Series 4 42mm,117
SM-G973U,114
Galaxy J7,113
Watch Series 4 38mm,113
Pixel 2,111
Moto G,111
iPad Mini 2,111
Galaxy S10,107
Q Stylus+,105
iPad Air,105
Galaxy S8+,105
Galaxy J3 Prime,96
Galaxy J3 (2018),93
Pixel 3 XL,92
Watch Series 3 42mm Cellular,92
Watch Series 3 38mm,88
iPad Pro 9.7,82
P10,79
Q710AL,77
Pharmacy Workstation,75
Galaxy S6 Edge,74
Galaxy J7 Prime,73
Aristo 2,71
moto e5 play,69
Radiology Workstation,69
Galaxy S6-Edge,68
Watch Series 2 38mm,68
HP LaserJet,62
Pixel 3a,60
SM-G970U,60
Watch Series 3 42mm,60
Watch Series 3 38mm Cellular,60
Galaxy Grand Prime,58
Galaxy S8 Active,54
moto g(6) play,54
Galaxy Note 4,53
SM-G975W,53
Galaxy Note 3,52
Galaxy S6 Edge+,49
X4,49
P3225-LV,48
WV-SFN480,48
Galaxy S4,47
P20 lite,47
Galaxy On5,45
CP3905,45
WV-SP302,45
ONEPLUS A6013,45
:dreamqltevl:SM-G950W,44
Galaxy S5 Neo,44
Watch Series 2 42mm,44
iPhone 5c,44
Galaxy S7 Active,44
MacBook-Air,43
:greatqltesq:SM-N950U,43
G7 ThinQ,42
SM-A505W,42
iPad Mini,42
iPad Pro 12.9,41
Catalyst 4500,40
KFKAWI,39
iPhone 5,39
SM-G973W,39
EliteBook 840 G3,39
Moto E5 Cruise,38
CP8841,38
CP7965G,38
K20 Plus,37
5,37
Hewlett-Packard LaserJet,36
iPad 4,35
Honor 7X,34
H831,34
Moto E4,34
Galaxy Core,34
iPad 2,33
H873,33
Moto G6,33
CLT-L04,33
Galaxy Tab A,32
Pixel,32
P20_Lite,31
G6,30
LM-Q910,30
Pixel XL,29
ONEPLUS A6003,26
Moto Z2,26
3,26
Galaxy Tab E,26
SM-A205W,26
Fire HD 10 (2017),25
Kindle Fire HD 2017,25
SM-A705W,25
MAR-LX3A,24
M430,24
Redmi Note 4 ,24
AXIS P7216 Video Encoder,24
Galaxy Tab E 8.0,24
Pixel 3a XL,23
5T,23
Galaxy A6 (2018),23
Galaxy J1 (2016),22
Redmi Note 4,22
Mate 10 Pro,22
SM-G975U1,22
LM-V405,21
AXIS M3045-V Network Camera,21
MIV3,21
moto e5 plus,21
Moto X4,21
H812,21
V20,20
"Fire 7""",20
ZT410,20
AXIS P3374-V Network Camera,20
AIR-CAP3702I-B-K9,20
Galaxy J5 Prime,20
Galaxy S III,19
P10_Plus,19
Surface,19
Fire 7 (2017),19
6,19
Xperia XA1 Ultra,19
moto g(7) power,19
SP200,19
Mi A1,18
Honor 8,18
Mate 9,18
P3384,18
Galaxy Tab A 8.0,18
SM-G970W,18
Nexus 5,17
ZBook Studio G3,17
ONEPLUS A6010,17
SM-J260T1,17
AXIS P3364-L Fixed Dome Network Camera,17
Galaxy J7 Star,17
P10 Lite,17
Phone,17
CP8831G,16
AXIS P3365 Fixed Dome Network Camera,16
Nova Plus,16
H932,16
SM-G973U1,16
VOG-L04,16
M3007,16
Gear S3,16
AIR-CAP3702I-A-K9,16
Redmi Note 5 Pro,16
HP LaserJet 400 M401dne,16
LaserJet,16
G710,15
G5,15
LM-X212(G),15
Z982,15
Moto Z (2017),15
Galaxy Grand Prime+,15
M150,14
Galaxy S6 Active,14
P10_Lite,14
M703,14
SP320,14
Redmi Note 6 Pro,14
iPad 3,14
Galaxy J8 (2018),14
MS210,14
AXIS M3047-P Network Camera,13
Mate10,13
iPad Mini 3,13
cisco WS-C4510R-E,13
Moto Z Play,13
Galaxy Tab E 9.6,13
Mate20,13
Galaxy J7 Sky Pro,13
"Galaxy Tab 4 7.0"" WiFi",13
Honor 6X,13
Redmi Note 5,13
Galaxy Tab 3V 7.0,12
REVVL Plus,12
LM-G820,12
P10 Plus,12
moto z3,12
AXIS P3384-V Network Camera,12
Galaxy J7 Max,12
ZMAX Pro,11
Stylo 3,11
LS676,11
One,11
P9,11
Fire HD 8 (2016),11
JSN-L23,11
:starqltesq:SM-G960U,11
LM-X220,11
Redmi Note 7,11
6062W,11
LS777,11
SM-J260AZ,11
XT1585,11
QLn320-203dpi,11
XT1650,11
H918,11
iPhone 4S,11
PC43d Desktop Printer,11
Nexus 6P,11
Galaxy Tab A 7.0,11
SM-G920P,11
:crownqltesq:SM-N960U,10
Xperia XA Ultra,10
Galaxy A7,10
5041C,10
SM-T350,10
Galaxy J2,10
M151,10
"Galaxy Tab S2 9.7"" WiFi",10
Kindle,10
ZenFone 3 (ZE552KL),10
Galaxy J3 Luna Pro,10
iPhone Xs,10
Mate 10,10
Galaxy Tab S2,10
Galaxy Tab A 8.0 (2017),10
XT1254,10
A30 Fierce,10
moto g(7),10
Honor 9i,10
M210,10
P3374-V,10
GR5,10
SM-N920V,10
Nexus 4,10
Z971,9
VS996,9
Mate 8,9
Z983,9
EliteBook 840 G2,9
M470,9
VS501,9
Redmi 5 Plus,9
Z851M,9
Galaxy C9 Pro,9
"Galaxy Tab A 10.1"" WiFi (2016)",9
moto g(7) play,9
Gear Fit2,9
Moto G (2015),9
Galaxy J7 (2017),9
M3047-P,9
Y7 Prime (2018),9
TP260,9
Surgery Workstation,9
CLT-L29,9
M3005,9
MP450,9
X5,9
SM-A505G,9
SM-G975F,9
Mi A2,9
iMac,9
:beyond1qltesq:SM-G973U,9
HP LaserJet 200 colorMFP M276nw,8
LS993,8
cp3705A,8
Galaxy J5 (2016),8
M153,8
Nokia,8
MI 8,8
ELE-AL00,8
GM1917,8
:heroqltetmo:SM-G930T,8
HP LaserJet 400 M401n,8
H872,8
"Galaxy Tab A 9.7"" WiFi",8
Galaxy J7 (2016),8
Z965,8
M320G,8
Nexus 5X,8
TP450,8
SM-A105M,8
N9560,7
Redmi Note 3 ,7
K550,7
POCO F1,7
Q7,7
ELE-L04,7
Galaxy J5,7
Mate9,7
VOG-AL10,7
Galaxy Xcover 4,7
M327,7
T08,7
Alcatel_5008R,7
6.1,7
Honor,7
Moto Z2 Play,7
MS550,7
Galaxy J7 Core,7
SM-G935T,7
moto e5 supra,7
M257,7
SM-G930P,7
ZenFone 3 Max (ZC520TL),7
P3364,7
SM-T380,6
Enjoy 7 Plus,6
Galaxy Tab S2 9.7,6
Galaxy Tab 4 8.0,6
AXIS Q3709-PVE Network Camera,6
LYA-L0C,6
H3223,6
"Galaxy Tab 4 10.1"" WiFi",6
SNE-LX3,6
2,6
PRIV,6
D852,6
G4,6
K330,6
:star2qltesq:SM-G965U,6
P8 Lite (2017),6
LS992,6
A502DL,6
MP260,6
"Galaxy Tab 3 7.0""",6
Honor V10,6
Grand X4,6
AXIS P3225-LV Mk II Network Camera,6
iPhone 6S,6
Galaxy J5 (2017),6
TC700H Touch Computer,6
Mi A2 Lite,6
Kindle Fire,6
MI MAX,6
AXIS M3007 Network Camera,6
Catalyst 3750,6
H631,6
Galaxy Tab S4 10.5,6
P3707-PE,6
A574BL,6
Watch Series 1 38mm,5
HMA-AL00,5
Honor 4A,5
MS330,5
SM-G970F,5
MacPro,5
Galaxy S5 Active,5
V410,5
Alcatel 5085C,5
SM-G973F,5
CPH1859,5
K210,5
SM-G977U,5
CP9971,5
Galaxy Note II,5
Watch Series 1 42mm,5
LYA-AL00,5
SM-N920P,5
E4610,5
Xperia XZ Premium,5
6545,5
Gear Sport,5
M322,5
Galaxy J6,5
P20 Pro,5
SM-G930A,5
CPH1823,5
Galaxy Core Prime,5
ZD410,5
LS998,5
SM-A505F,5
SM-T387T,5
V35 ThinQ,5
SM-A102U,5
iPhone 4,5
M1,5
Galaxy J8,5
GM1915,5
KEYone,5
P Smart,5
Honor 9,5
Phone 2,5
iPhone Xr,5
XT1144,5
Honor 8X,5
Hewlett-Packard OfficeJet,5
Redmi Note 5 ,5
SM-A750F,5
Galaxy S10E,5
H830,4
ZenFone,4
Galaxy J3 (2017),4
G Stylo 2 V,4
Nexus 6,4
Honor 5X,4
SM-S367VL,4
Galaxy Tab 4 7.0,4
Moto Z3 Play,4
"Kindle Fire HDX 7"" WiFi",4
Fortune,4
3.1 Plus,4
Nova 2 Plus,4
SM-A750FN,4
Zmax,4
"Galaxy Tab S 10.5"" WiFi",4
Galaxy A6+ (2018),4
Galaxy A3 (2017),4
SNE-LX1,4
Macmini,4
Xperia XZ1,4
P9 Plus,4
VG350,4
V30+,4
Galaxy J4,4
M3045-V,4
INE-LX2,4
LML413DL,4
SM-T387V,4
:beyond2qltesq:SM-G975U,4
Redmi Note 7 Pro,4
AEOBC,4
M3025,4
K121,4
CPH1909,4
A1R,4
Quest,4
3632A,4
"Galaxy Tab 3 7.0"" WiFi",4
V30,4
SM-G930T,4
AS998,4
F3,4
Stylo 3 Plus,4
Galaxy C7 Pro,4
H933,4
moto g(6,4
Galaxy Tab S2 8.0,4
DuraForce Pro,4
F1s,4
K428,4
HP J9851A+Switch 5412Rzl2,4
H8276,4
Q6035-E,4
CLT-L09,4
CPH1729,4
Redmi Note 3,4
VOG-L29,4
Dell B2360dn Laser Printer,4
Xperia XA1,4
moto g(7) plus,4
US997,4
Xperia XA,4
V521,4
K7,4
Honor Note 8,4
Galaxy Note 4 Edge,4
Vivo 1723,4
LM-Q720,4
LM-X220PM,3
Galaxy S5 Sport,3
TECNO K7,3
AXIS P3346 Fixed Dome Network Camera,3
Stylo 2 Plus,3
Vivo X7,3
PACM00,3
Nexus 7,3
L84VL,3
X charge,3
LG G5,3
PAR-AL00,3
K371,3
Honor 9 Lite,3
ARS-AL00,3
RCT,3
One Touch Pop 4+,3
REVVL 2,3
Moto X Play,3
POCOPHONE F1,3
H634,3
Vivo 1714,3
SM-S767VL,3
SM-A505U,3
Galaxy J3 Star,3
SM-A205G,3
M255,3
LS997,3
G Pad X 8.0,3
H931,3
SM-G970U1,3
N9517,3
Z3001S,3
SM-T560NU,3
:heroqltespr:SM-G930P,3
P9_Lite,3
Galaxy A7 (2016),3
ASUS_Z01RD,3
Zmax 2,3
LYA-L29,3
G Stylo 2,3
SM-J600G,3
Z855,3
Fire HD 8 (2015),3
MacBook Pro 13-inch,3
Xperia M4 Aqua,3
Mate SE,3
F5,3
Z558VL,3
H811,3
:crownqlteue:SM-N960U1,3
LS770,3
Galaxy J1 Ace,3
Microsoft Surface,3
moto g(7) supra,3
HMA-L29,3
Vivo 1713,3
Redmi 3S,3
Q710PL,3
Galaxy J7 Pro,3
AXIS M3026 Network Camera,3
moto g(7,3
9611,3
Desire 626s,3
A30,3
Droid Ultra,3
Z557BL,3
Redmi 4,3
SM-A750G,3
Hikvision Security Camera,3
H1711,3
N9600,3
Gear S2,3
ZFive 2,3
Honor 10,3
Moto X,3
SM-J610G,3
Mate 20,3
JKM-LX2,3
Z835,3
SM-G891A,3
Axon 7,3
7 plus,3
A or Z series,3
Vivo 1804,3
Vivo XL4,3
A37f,3
Desire 601,3
US998,3
AGS-L03,3
SM-T387W,3
Galaxy S7-edge,3
Macbook Pro,3
Desire 510,3
5059Z,3
SM-A305G,3
Maven 2,3
Xperia Z3,3
Galaxy C7,3
MI 9,3
Redmi Note 4X ,3
Honor 9_Lite,3
Galaxy S III Mini,3
Moto G6 Plus,3
SM-G928V,3
K10,3
Xperia X,3
Fire HD 7,3
HP LaserJet 400 MFP M425dn,3
Z833,2
M3014,2
U683CL,2
:star2qlteue:SM-G965U1,2
PACS Scan,2
Galaxy S6 active,2
P8 Lite,2
EliteBook 840 G1,2
Redmi 6 Pro,2
AXIS Q8414-LVS Fixed Network Camera,2
Kindle Fire HD,2
EliteBook x360 1030 G3,2
moto g(6) forge,2
Galaxy Tab S3 9.7,2
One (M9),2
SM-A9200,2
Redmi 4A,2
"Galaxy Tab S 8.4"" LTE",2
Galaxy C9,2
Aristo,2
Dell B3460dn Laser Printer,2
Galaxy A7 (2017),2
Xperia E5,2
Desire 816,2
ZenFone 3 Zoom (ZE553KL),2
Moto E,2
US700,2
Tab 4 8,2
Redmi 5A,2
SM-T820,2
R11,2
VCE-AL00,2
3622A,2
Galaxy On7 Prime (2018),2
H8166,2
K540,2
H900,2
Life One X3,2
Galaxy J7Prime,2
D415,2
TB-8304F1,2
9027W,2
Galaxy Tab,2
Mate 9 Pro,2
XT1064,2
AIR-CAP3502I-A-K9,2
SM-J400F,2
CPH1969,2
G Pad F 8.0,2
Galaxy S5 mini,2
GM1900,2
N9137,2
Lexmark C792,2
Blade V8 Pro,2
XT1040,2
Galaxy J2 (2016),2
Vivo 1727,2
2PYB2,2
G Stylo,2
Galaxy J1,2
GM1901,2
Redmi Note 5A,2
U Ultra,2
H820,2
SM-A705MN,2
Ascend Y336,2
Hydro REACH,2
DTEK50,2
"Galaxy Tab 3 7.0"" Lite WiFi",2
Redmi Pro,2
6535,2
N9500,2
ASUS_X017DA,2
SM-T510,2
Galaxy A5 (2016),2
COR-L29,2
H910,2
Ideal,2
Xperia Z2,2
Redmi Note 2,2
LK430,2
ZenFone 2 Laser (ZE551KL),2
CPH1819,2
CLT-AL00,2
LM-X420,2
Alcatel_5044C,2
PCT-AL10,2
V10,2
Hydro WAVE,2
ASUS_A009,2
SM-G935P,2
SM-J400M,2
Xperia Z5 Compact,2
SM-G977P,2
Vivo 8,2
Redmi 6,2
SM-G930V,2
Avid Plus,2
Galaxy Sol 2,2
Q6,2
L158VL,2
Advance 5.0,2
Redmi 6A,2
Galaxy Note 10.1,2
Lumia 640 LTE,2
iPhone 6Plus,2
LK460,2
A57,2
Galaxy A3 (2016),2
6.1 Plus,2
One Touch Idol 3 (5.5),2
SM-S357BL,2
D800,2
Redmi 4A ,2
HP LaserJet 200 color M251nw,2
S3_Pro,2
REVVL 2 PLUS,2
RMX1805,2
AGS2-L03,2
HP LaserJet 400 M401dn,2
SM-A105G,2
INE-LX2r,2
LML713DL,2
D727,2
Galaxy A9,2
P3225-V,2
Hydro ICON,2
SM-A505GN,2
SM-A705FN,2
Vivo 1807,2
Ascend Mate 2,2
Dell 2350dn Laser Printer,2
Xperia XA2 Ultra,2
"Galaxy Tab S 8.4"" WiFi",2
moto z4,2
KFMUWI,2
H700,2
L163BL,2
AEODN,2
Iconia One 7 B1-7A0,2
:beyond0qltesq:SM-G970U,2
JKM-LX3,2
MAR-LX1M,2
P027,2
ATU-L21,2
TB-X104F,2
K580,2
LGMS210,2
cp3636a,2
Galaxy A8+ (2018),2
SM-G930U,2
VOG-AL00,2
Galaxy J2 (2018),2
H3123,2
Honor 8_Pro,2
Honor V9,2
Mate8,2
K8 Plus,2
BlackBerry,2
P3367,2
ATU-L22,2
SM-A105F,2
P8_Lite,2
"Cisco Systems, Inc. IP Phone CP-7937G",2
Vivo 1726,2
5044G,2
Galaxy C5,2
Galaxy Trend,2
:hero2qlteuc:SAMSUNG-SM-G935A,2
Honor Magic_2,2
LM-V450,2
"Kindle Fire HD 7"" WiFi",2
ZenFone 3 Deluxe (ZS570KL),2
H870DS,2
Galaxy C5 Pro,2
L83B,2
Mi MIX 2,2
Honor V8,2
SM-M305F,2
2PZC5,2
PAR-LX9,2
iPhone 6-Plus,2
Enjoy 8 Plus,2
AXIS P3225-V Mk II Network Camera,2
Chromebook 3,2
Galaxy Note 5 Duos,2
AXIS P3364 Fixed Dome Network Camera,2
SM-A205F,2
SM-J415G,2
Galaxy Core 2,2
P3365,2
moto g(6) (XT1925DL),2
SM-J610F,2
Galaxy A6,2
Galaxy Note8,2
V495,2
5.1 Plus,2
Enjoy 5,2
PBAM00,2
JSN-L22,2
AXIS M3044-V Network Camera,2
ELE-L29,2
Galaxy Tab S3,2
Fire HD 8 KFKAWI,2
A3,2
SM-A505X,2
YAL-AL00,2
Studio Mega,2
Z999,2
X Power II,2
ASUS_X00TD,2
Redmi Note 4X,2
H871,2
SM-G935A,2
A37fw,2
DUB-AL00,2
Moto E (2015),2
E2(4G-LTE),2
K425,2
SM-A205U,2
P9 Lite,2
H345,2
AIR-CAP3602I-A-K9,2
SM-J720F,1
iPhone Xs-Max,1
C103,1
Grand XL LTE,1
N5S,1
P5532,1
Vibe K4 Note,1
S1,1
CPH1881,1
One Touch Pixi Unite,1
Surface Book,1
XP8800,1
SM-G925V,1
10 Viking II,1
Sonata 3,1
Vivo 1815,1
Cisco AP c3700,1
Find 7a X9006,1
SM-G977N,1
Advance 5.2,1
Redmi Note 2 ,1
:hero2qltespr:SM-G935P,1
Liquid Z4,1
Tribute,1
;Ser=CNF8H1DD7B,1
K8 V,1
SM-T837P SyncML,1
SM-J260M,1
QTAXIA1,1
PRO 6 Plus,1
VR-1541F,1
Iconia B1,1
SSD850PRO1TB-679548969317523452S25XNGA0A1330L,1
One Max,1
P1a41,1
X230,1
Latitude E5470,1
Vivo XI+,1
Fire HD 10 (2015),1
K81,1
AQUOS CRYSTAL 306SH,1
Z916BL,1
SM-M205F,1
Z1,1
Z2131,1
3V,1
81C3) Chrome,1
BLU R1 HD,1
Moto G (2014),1
Galaxy Note II LTE,1
KEY2,1
ASUS_X01AD,1
P3346,1
AXIS Q6035-E PTZ Dome Network Camera,1
Grand X Max+,1
Mail Printer,1
Xperia Z1,1
NEO-AL00,1
One Touch Pixi 4 (6),1
SM-J415GN,1
Toughpad FZ-N1,1
Vivo 1820,1
Vivo 1801,1
H4493,1
CPH1861,1
Liquid Z530,1
A3 XL,1
3320A,1
D851,1
LG-Q710PL,1
V530,1
motorola one,1
Galaxy A5 (2015),1
Z956,1
JSN-L21,1
AIR-AP3702I-UXK9,1
Xperia T LTE,1
Noir X1S,1
Galaxy A9 Star Lite,1
CLT-AL01,1
M8x,1
3632,1
X210,1
SM-A705GM,1
Z836F,1
Z10,1
ASUS_A006,1
N5501L,1
MacBook Pro 15-inch,1
Iconia One 10 B3-A40,1
Vivo 1718,1
Pixel 2 Xl,1
ZenFone 3 Laser (ZC551KL),1
LEO-BX9,1
iPhone 6S-Plus,1
MI 6X,1
Nova Smart,1
P2a42,1
6515,1
MAX STAR 6.0,1
L83BL,1
SM-G887N,1
SH-M08,1
Lumia 435,1
Nexus 10,1
SM-G965U SyncML,1
Midnight Pro,1
Honor 8_Lite,1
ZenFone 2 Laser (ZE601KL),1
1,1
Ascend G7,1
LG-SP320,1
Galaxy Note FE,1
Z669,1
R5,1
R11 Plus,1
"Galaxy Tab 3 8.0"" LTE",1
U Play,1
X,1
V7A,1
AXIS Q6000-E Mk II PTZ Dome Network Camera,1
iPhone 5S,1
Vivo X6A,1
SM-J610FN,1
Zinger,1
I4293,1
Windows Mobile,1
SM-G9750,1
JSN-L42,1
Galaxy Grand Neo,1
MC40 Mobile Computer,1
PCEM00,1
M6 Note,1
Vibe K6,1
U11,1
One M9,1
SKY 5.0Pro II,1
Fire HD 6,1
MS631,1
Zmax One,1
F1 Plus X9009,1
CP7945G,1
L33L,1
Galaxy Note9,1
Moto C Plus,1
CPH1727,1
Precision 5520,1
Droid MAXX 2,1
Honor 5C,1
:zerofltebmc:SM-G920W8,1
245213/245195,1
Studio XL,1
G'zOne Commando 4G LTE,1
ASUS_X00PD,1
Galaxy On5 (2016),1
Ascend Y600,1
"Galaxy NotePRO 12.2"" WiFi",1
Studio X8 HD,1
D801,1
Xperia L1,1
RMX1801,1
N9136,1
;Ser=CNF8H4XDZZ,1
One (A9),1
Alcatel_5054O,1
EA Connected,1
Galaxy Light,1
Liquid Jade Z,1
Redmi4A,1
M154,1
LGL158VL,1
Z851,1
7.1,1
Xperia XZ Premium SO-04J,1
"Kindle Fire HD 8.9"" WiFi",1
ATU-L42,1
LML211BL,1
Mate10_lite,1
H636,1
SM-G928P,1
H1711z,1
Micromax HS2,1
CP8861,1
MeMO Pad HD 7,1
Redmi Note 5A Prime,1
AXIS M5525-E PTZ Dome Network Camera,1
Grand X 3,1
RMX1825,1
SM-J415F,1
"Galaxy Tab 3 8.0"" WiFi",1
H731,1
SM-J600FN,1
Vivo Y85A,1
LYA-AL00P,1
SM-G9730,1
ZUK Z2 Plus,1
G36,1
MI 5s,1
H740,1
SM-G935U,1
TECNO CA6,1
ASUS_X00ID,1
Fire 7,1
AXIS M3037 Network Camera,1
MAR-LX2,1
Nook BNTV450,1
SM-G9550,1
Vivo X20A,1
Galaxy Tab S2 9.7 (2016),1
Redmi 4X ,1
SM-A405FN,1
TK-E101GC,1
3310A,1
Desire 526GPLUS dual sim,1
S301,1
Z812,1
SKR-A0,1
SM-J510GN,1
Nova 2S,1
LG-G710,1
AXIS P3375-V Network Camera,1
F800S,1
QTASUN1,1
cp3705AS,1
Galaxy Tab S2 8.0 (2016),1
SM-A920F,1
Vivo V3,1
H3321,1
Yoga Tab 3,1
Intermec.PTR.PC43d ,1
Cisco IP Phone 7965,1
Printer Server,1
Redmi 4X,1
Idol 4,1
810,1
Overture 2,1
QS5509A,1
Galaxy Sol,1
OPPO A83,1
Desire 555,1
A5_Pro,1
SM-J410G,1
S11 Plus,1
CP8945,1
Nexus 7000,1
:beyond0qlteue:SM-G970U1,1
Vivo One Plus,1
K88,1
BG2-W09,1
;Ser=CNF8G4Q8BS,1
D321,1
Galaxy S8-,1
:heroqltevzw:SM-G930V,1
BLADE V Ultra,1
Xperia Tablet Z,1
ASUS_X00TDB,1
Mi Note 3,1
N818S,1
W-U300,1
GM1911,1
L16C,1
Xperia X Compact,1
Nook BNRV520,1
G Play Mini,1
BKL-TL10,1
moto e5,1
MediaPad T2 7.0 Pro,1
Y6 II,1
Droid RAZR M,1
V1809A,1
V1732A,1
One_M8,1
:a10esq:SM-A102U,1
SM-A305GN,1
L58VL,1
Z559DL,1
Xperia Z5 Premium,1
F-08D Disney Mobile,1
LEM7,1
SNE-AL00,1
"Galaxy Tab 10.1"" P7500",1
LG,1
DMTAB-NV08B,1
R9st,1
A7020a48,1
2Q4R100,1
H860,1
FTU18A00,1
One Touch POP7,1
Honor 9I,1
Galaxy TabA,1
Phoenix 3,1
X606,1
Honor Play,1
HM 1S,1
Honor 6A,1
MI 6,1
Honor V20,1
PBEM00,1
Xperia XZ,1
XT1565,1
Redmi Note,1
AXIS M3048-P Network Camera,1
ARE-AL00,1
Vivo Y67A,1
Ektra,1
F3 Plus,1
Brigadier,1
US610,1
EZmmy81,1
;Ser=CNF8H4XDY7,1
One Touch Pixi Glory,1
GIONEE X1,1
One A9,1
SM-J727P,1
U504TL,1
moto e5 go,1
M3057,1
LML414DL,1
Lumia 520,1
j3topltetmo,1
LML212VL,1
Le X522,1
"Galaxy TabPRO 8.4"" WiFi",1
M1852,1
"Galaxy Tab 2 7"" WiFi",1
MediaPad M3,1
EVR-L29,1
SM-G975XU,1
5033O,1
:cruiserlteuc:SM-G892A,1
A1,1
R9m,1
K50a40,1
Xperia E3,1
NBTY07SMKG,1
ANE-TL00,1
DCG-V100MDT,1
Coolpad #3632A/QC Reference Phone/unknown/QCX3/l10249653648495134433/86437703/1923313509/310|260+310|260/Coolpad/74568/74500,1
LM-G820V,1
AXIS P3707-PE Network Camera,1
M3027,1
T06,1
Honor 4X,1
BLU STUDIO ONE,1
Galaxy Tab A 10.1 with S Pen (2016),1
Y5 (2017),1
P5415-E,1
M3058,1
One Touch Pixi 4 (7),1
Desire 550,1
Ilium X220,1
20CDCTO1WW,1
JKM-LX1,1
Galaxy Grand Prime VE,1
A13,1
CPH1911,1
A71,1
XT1563,1
GM1910,1
L51,1
Blade X Max,1
PB2-690Y,1
Z839,1
2 V,1
ZenFone 4 (ZE554KL),1
Mi 4,1
One Touch Pop Icon,1
Redmi S2,1
Vivo 1606,1
PB2-670M1,1
SKW-A0,1
MI 8 ,1
SH-M09,1
U11 life,1
Vivo 1811,1
CPH1803,1
HMA-TL00,1
VLE5,1
JSN-AL00a,1
ASUS_X018D,1
Y6,1
MI 8 Lite ,1
COR-AL10,1
SM-A750GN,1
Find 7 X9076,1
MS323,1
"Galaxy TabPRO 12.2"" WiFi",1
Motion,1
moto e5 (XT1920DL),1
M-V300K,1
A2020a40,1
Z815,1
AS330,1
Redmi Note 7S,1
Galaxy A9 Star,1
SM-A305YN,1
SM-A705X,1
BV9600Pro,1
A1P,1
ASUS_X00LDA,1
Vivo 1808,1
Vivo X5Max+,1
Iconia One 8 B1-850,1
R7sm,1
V1-C,1
HRY-AL00a,1
LS995,1
Studio View XL,1
Majesty Pro,1
Vivo 1716,1
5033A,1
Desire 826 dual sim,1
LS775,1
Lumia 635,1
motorola one power,1
Zmax Champ,1
Redmi 7A,1
Label Printer,1
Hydro VIBE,1
Galaxy Tab S4,1
iPod,1
Quattro II 4G,1
Xperia Z5,1
4.2,1
X626,1
:hero2qltetmo:SM-G935T,1
Tab 3 8,1
10,1
VS880P,1
Q6055-E,1
Galaxy E5,1
IP Station,1
2.1,1
XT1562,1
Galaxy Tab S 10.5,1
LS740,1
Chromebook x360 11 G1 EE,1
Atrium,1
X510,1
Xperia XZ1 Compact SO-02K,1
Alcatel_5044R,1
LND-AL30,1
R11t,1
CMR-W19,1
D10i,1
Vivo 1601,1
LS675,1
A60,1
5059A,1
435227/435188,1
L62VL,1
G Pad X 8.3,1
DuraForce XD,1
:beyondxqvzw:SM-G977U,1
H915,1
One Touch Idol 4,1
MD-03P,1
MIX 3,1
XT1143,1
JAX_M,1
N5001L,1
LG-Q710AL,1
"""BBE100""",1
P028,1
Mate20_lite,1
C12 Pro,1
H1611,1
R9tm,1
Redmi Y2,1
PBBM00,1
H901,1
HTCD160LVW,1
R9s Plus,1
Vivo Y55L,1
Galaxy S4 Active,1
Q6045-E,1
SM-G925P,1
Xperia E1,1
"Kindle Fire HDX 8.9"" WiFi",1
Redmi 5,1
Maimang 5,1
Vivo X9,1
A501DL,1
Redmi 5 ,1
OPPO R11s,1
MAR-AL00,1
EVR-AL00,1
TNY-AL00,1
Moto C,1
Galaxy Mega 2 ,1
:greatqltecs:SM-N950W,1
JKM-AL00b,1
Honor 7C,1
MI MAX ,1
V497,1
Studio J8,1
Droid Turbo 2,1
XT1068,1
L44VL,1
Studio M6 LTE,1
Xperia XZ1 SO-01K,1
V522,1
A3_Pro,1
P3364-L,1
;Ser=CNF8G7G5FX,1
POT-AL00a,1
SM-J600GT,1
ZenFone 2 (ZE551ML),1
MI 5,1
Fire HD 10,1
L157B,1
F800L,1
GOME 2017M27A,1
